id;contact_name;contact_mobile;contact_email;aadhar_number
1;Incredible Director Accountability;national Ranch;parse initiatives Fantastic Cotton Bacon;GB
2;Interactions Tactics technologies;Metrics;Specialist;Multi-channelled SDR
3;Integration;hack reintermediate;Seamless e-markets;Incredible Cotton Towels input
4;fresh-thinking haptic Clothing;HTTP Illinois relationships;Program repurpose;Soap JSON Ergonomic
5;Open-architected efficient;Shoal archive;invoice withdrawal;New Caledonia Afghanistan
6;Sudanese Pound pixel extensible;Luxembourg Savings Account Gorgeous;Towels web services bandwidth;open-source
7;open system;deposit Avon silver;standardization;sensor Sausages Codes specifically reserved for testing purposes
8;payment collaboration;Intelligent Plain;Rwanda Franc Home Loan Account;Bedfordshire
9;Division;revolutionary Shoes;card Kids Wooden;bypass
10;Customer Virginia Fantastic Rubber Pants;bandwidth New Taiwan Dollar;system primary;knowledge base
