id;gstin;consent;mid;status
1;Denmark Associate Chips;Steel Shirt;Steel payment reboot;Checking Account system Court
2;national online;Bedfordshire Gloves navigate;Auto Loan Account;Solomon Islands salmon CSS
3;Chief;Turkish Lira;Accounts;Electronics circuit
4;Row Self-enabling wireless;Bedfordshire Devolved capacity;alarm circuit;markets Rubber Zloty
5;Kwacha;Beauty end-to-end Frozen;disintermediate plug-and-play Industrial;optical infrastructure Sports
6;Small Roads;panel orchid Web;Cheese Borders;maroon leverage
7;Clothing;multi-byte Plastic Table;West Virginia Vista empower;cross-platform
8;THX;Bahraini Dinar strategic;functionalities Assistant auxiliary;deploy Fresh back up
9;Small Metal Mouse architectures;Yemeni Rial magnetic invoice;Adaptive Guadeloupe;Soap
10;Practical Fresh Chips target killer;Montana Avon;Refined Cambridgeshire;cyan
