id;pan_number;consent;name;mid;status
1;multi-byte;Incredible Plastic Sausages networks;North Dakota;deposit Idaho Tuna;portal Kuwait
2;dedicated cross-media;multi-tasking Texas Buckinghamshire;virtual synergy Sports;navigate;Savings Account digital Sleek Fresh Soap
3;e-business Ergonomic Plastic Table;cultivate Denar Open-architected;alliance Chile;Guinea Total;Money Market Account Avon Coordinator
4;innovative Ford Alabama;microchip;New York Frozen;monitor Future;reboot models
5;Cambridgeshire neural;North Dakota info-mediaries;Islands mindshare;bleeding-edge Intelligent Movies;Markets
6;copy Nevada dot-com;Handcrafted Fresh Bike Music Wisconsin;Handcrafted Frozen Car;envisioneer;overriding lime Intelligent Plastic Fish
7;vertical;white;Baby;Fantastic Ergonomic;approach lavender Rustic
8;calculate payment;integrated Shoes standardization;Divide;asynchronous;Clothing Green Checking Account
9;feed Incredible;New York;empowering Mouse;Frozen California program;primary Ranch Togo
10;Malagasy Ariary;stable scalable black;Facilitator;haptic granular Tactics;Albania Soft Kenyan Shilling
